State,Id,MinorityPct,24_Pres,20_Pres,Swing,20-24_Pres,24_Expected,20_Expected,20-24_Expected
AK,AL,0.38523799,-0.13238655,-0.10116369,-0.03122286,-0.12197893,0,0,0
AL,1,0.24400902,-0.56077628,-0.51948659,-0.04128969,-0.54701305,0,0,0
AL,2,0.57833263,0.11596599,0.16439,-0.04842401,0.132107326666667,1,1,1
AL,3,0.32549895,-0.41028708,-0.35183048,-0.0584566,-0.390801546666667,0,0,0
AL,4,0.14372008,-0.72649519,-0.70008558,-0.02640961,-0.717691986666667,0,0,0
AL,5,0.30953796,-0.24909057,-0.2210125,-0.02807807,-0.239731213333333,0,0,0
AL,6,0.22161412,-0.46376946,-0.45806647,-0.00570299000000002,-0.461868463333333,0,0,0
AL,7,0.58744566,0.28359304,0.32698708,-0.04339404,0.29805772,1,1,1
AR,1,0.13970108,-0.56803608,-0.54280323,-0.0252328500000001,-0.55962513,0,0,0
AR,2,0.4720558,0.09785131,0.11919247,-0.02134116,0.10496503,0.98925655,1,1
AR,3,0.28405543,-0.24756143,-0.23272183,-0.0148396,-0.242614896666667,0,0,0
AR,4,0.24222674,-0.46305358,-0.43304467,-0.03000891,-0.45305061,0,0,0
AZ,1,0.48006521,-0.04586464,0.02050219,-0.06636683,-0.0237423633333333,0.2706768,0.60251095,0.381288183333333
AZ,2,0.35106598,0.07051719,0.0880484,-0.01753121,0.0763609266666667,0.85258595,0.940242,0.881804633333333
AZ,3,0.65515908,0.10934377,0.21058716,-0.10124339,0.143091566666667,1,1,1
AZ,4,0.21396046,-0.39915849,-0.36008932,-0.03906917,-0.386135433333333,0,0,0
AZ,5,0.27055577,-0.24246311,-0.21807598,-0.02438713,-0.234334066666667,0,0,0
AZ,6,0.29334055,0.01828982,0.0621723,-0.04388248,0.0329173133333333,0.5914491,0.8108615,0.664586566666667
AZ,7,0.78755683,0.32062817,0.44610853,-0.12548036,0.362454956666667,1,1,1
AZ,8,0.3170178,-0.16429633,-0.13811027,-0.02618606,-0.155567643333333,0,0,0
AZ,9,0.46639983,0.1841925,0.23302727,-0.04883477,0.200470756666667,1,1,1
CA,1,0.3458581,-0.25164309,-0.19237212,-0.05927097,-0.2318861,0,0,0
CA,2,0.3128272,0.45072438,0.49450261,-0.04377823,0.465317123333333,1,1,1
CA,3,0.2789992,-0.033217,-0.01289039,-0.02032661,-0.0264414633333333,0.333915,0.43554805,0.367792683333333
CA,4,0.4505481,0.3131508,0.36634356,-0.05319276,0.33088172,1,1,1
CA,5,0.35975608,-0.23064286,-0.1813959,-0.04924696,-0.214227206666667,0,0,0
CA,6,0.48290315,0.20131722,0.24227743,-0.04096021,0.214970623333333,1,1,1
CA,7,0.65829777,0.24026029,0.31786132,-0.07760103,0.2661273,1,1,1
CA,8,0.71933072,0.4363004,0.53582349,-0.09952309,0.469474763333333,1,1,1
CA,9,0.69316165,0.00525498,0.15561164,-0.15035666,0.0553738666666667,0.5262749,1,0.776869333333333
CA,10,0.48388041,0.32527811,0.38000253,-0.05472442,0.343519583333333,1,1,1
CA,11,0.55347195,0.67763867,0.7454873,-0.06784863,0.70025488,1,1,1
CA,12,0.64864233,0.73653879,0.80466864,-0.0681298500000001,0.75924874,1,1,1
CA,13,0.71954223,-0.03237957,0.12239138,-0.15477095,0.0192107466666667,0.33810215,1,0.596053733333333
CA,14,0.71988345,0.35745751,0.46014078,-0.10268327,0.391685266666667,1,1,1
CA,15,0.69440205,0.48105143,0.57571905,-0.09466762,0.512607303333333,1,1,1
CA,16,0.43465359,0.53903888,0.58101618,-0.0419773,0.553031313333333,1,1,1
CA,17,0.78096704,0.3737751,0.46913988,-0.09536478,0.40556336,1,1,1
CA,18,0.73521745,0.35474324,0.43967082,-0.08492758,0.383052433333333,1,1,1
CA,19,0.63982601,0.22340848,0.32724144,-0.10383296,0.258019466666667,1,1,1
CA,20,0.50766741,-0.3216468,-0.25789822,-0.06374858,-0.300397273333333,0,0,0
CA,21,0.75237259,0.06228745,0.205377,-0.14308955,0.109983966666667,0.81143725,1,1
CA,22,0.81388706,-0.04771501,0.13638013,-0.18409514,0.0136500366666667,0.26142495,1,0.568250183333333
CA,23,0.54621334,-0.19580514,-0.12712172,-0.06868342,-0.172910666666667,0,0,0
CA,24,0.45520819,0.24225578,0.28354549,-0.04128971,0.256019016666667,1,1,1
CA,25,0.66897561,0.08971211,0.18907589,-0.09936378,0.12283337,0.94856055,1,1
CA,26,0.54412622,0.13158949,0.19613841,-0.06454892,0.153105796666667,1,1,1
CA,27,0.65128671,0.04166958,0.1320596,-0.09039002,0.0717995866666667,0.7083479,1,0.858997933333333
CA,28,0.82836784,0.24710931,0.34834561,-0.1012363,0.280854743333333,1,1,1
CA,29,0.77716212,0.30238996,0.475131,-0.17274104,0.359970306666667,1,1,1
CA,30,0.41138558,0.40474251,0.45261775,-0.04787524,0.420700923333333,1,1,1
CA,31,0.80022689,0.17104692,0.29807183,-0.12702491,0.213388556666667,1,1,1
CA,32,0.42761809,0.30629696,0.39610029,-0.08980333,0.336231403333333,1,1,1
CA,33,0.81865653,0.11881359,0.29712253,-0.17830894,0.178249903333333,1,1,1
CA,34,0.8219421,0.53139706,0.6371241,-0.10572704,0.566639406666667,1,1,1
CA,35,0.7663271,0.05096808,0.1906198,-0.13965172,0.0975186533333333,0.7548404,1,0.987593266666667
CA,36,0.42060695,0.34217617,0.39996428,-0.05778811,0.361438873333333,1,1,1
CA,37,0.81133531,0.62565501,0.73502815,-0.10937314,0.662112723333333,1,1,1
CA,38,0.85458614,0.22335273,0.37909334,-0.15574061,0.275266266666667,1,1,1
CA,39,0.78190585,0.10624562,0.27578745,-0.16954183,0.162759563333333,1,1,1
CA,40,0.43984247,-0.02545586,0.01263973,-0.03809559,-0.01275733,0.3727207,0.56319865,0.43621335
CA,41,0.61359595,-0.07319575,0.00952413,-0.08271988,-0.0456224566666667,0.13402125,0.54762065,0.271887716666667
CA,42,0.76045632,0.30128149,0.41835272,-0.11707123,0.340305233333333,1,1,1
CA,43,0.88910156,0.34337114,0.52024897,-0.17687783,0.402330416666667,1,1,1
CA,44,0.94217812,0.53416529,0.67712194,-0.14295665,0.581817506666667,1,1,1
CA,45,0.72133108,0.01662538,0.06524709,-0.04862171,0.0328326166666667,0.5831269,0.82623545,0.664163083333333
CA,46,0.8272661,0.18077945,0.30440778,-0.12362833,0.221988893333333,1,1,1
CA,47,0.46656383,0.0405149,0.10847016,-0.06795526,0.0631666533333333,0.7025745,1,0.815833266666667
CA,48,0.41169813,-0.19988805,-0.16994937,-0.02993868,-0.18990849,0,0,0
CA,49,0.42993207,0.08241416,0.1157103,-0.03329614,0.0935128733333333,0.9120708,1,0.967564366666667
CA,50,0.44761671,0.22281374,0.25770834,-0.0348946,0.234445273333333,1,1,1
CA,51,0.50719315,0.36232403,0.4007468,-0.03842277,0.37513162,1,1,1
CA,52,0.82777637,0.18633177,0.33817059,-0.15183882,0.23694471,1,1,1
CO,1,0.41208918,0.56285239,0.61503816,-0.05218577,0.580247646666667,1,1,1
CO,2,0.21342032,0.3941878,0.39406851,0.000119289999999994,0.394148036666667,1,1,1
CO,3,0.29835644,-0.09731519,-0.08293315,-0.01438204,-0.0925211766666667,0.01342405,0.08533425,0.0373941166666667
CO,4,0.27030857,-0.27226404,-0.27631219,0.00404815000000003,-0.273613423333333,0,0,0
CO,5,0.30271468,-0.06687325,-0.07683535,0.0099621,-0.07019395,0.16563375,0.11582325,0.14903025
CO,6,0.24167887,0.04445055,0.0564149,-0.01196435,0.0484386666666667,0.72225275,0.7820745,0.742193333333333
CO,7,0.23501524,0.19901579,0.19031896,0.00869682999999999,0.196116846666667,1,1,1
CO,8,0.54198736,0.16361862,0.25839885,-0.09478023,0.19521203,1,1,1
CT,1,0.44338389,0.3188057,0.37084873,-0.05204303,0.336153376666667,1,1,1
CT,2,0.18932512,0.08066097,0.11702917,-0.0363682,0.0927837033333333,0.90330485,1,0.963918516666667
CT,3,0.34061781,0.11222775,0.16886968,-0.05664193,0.131108393333333,1,1,1
CT,4,0.42627405,0.26078688,0.34219379,-0.08140691,0.287922516666667,1,1,1
CT,5,0.27165032,-0.01744761,0.02937864,-0.04682625,-0.00183886,0.41276195,0.6468932,0.4908057
DE,AL,0.37562329,0.14619157,0.18980774,-0.04361617,0.160730293333333,1,1,1
FL,1,0.28002283,-0.36902327,-0.32273371,-0.04628956,-0.353593416666667,0,0,0
FL,2,0.40871424,0.08662328,0.15736299,-0.07073971,0.110203183333333,0.9331164,1,1
FL,3,0.25843196,-0.45466616,-0.4043189,-0.05034726,-0.43788374,0,0,0
FL,4,0.23886086,-0.33173179,-0.30013883,-0.03159296,-0.321200803333333,0,0,0
FL,5,0.53007952,0.07628236,0.13047398,-0.05419162,0.0943462333333333,0.8814118,1,0.971731166666667
FL,6,0.26673469,-0.30697686,-0.24422644,-0.06275042,-0.286060053333333,0,0,0
FL,7,0.44218887,0.0286547,0.09717959,-0.06852489,0.05149633,0.6432735,0.98589795,0.75748165
FL,8,0.24951608,-0.21370122,-0.16011171,-0.05358951,-0.19583805,0,0,0
FL,9,0.69800894,0.04397502,0.19133333,-0.14735831,0.0930944566666667,0.7198751,1,0.965472283333333
FL,10,0.5970038,0.14090808,0.22709022,-0.08618214,0.16963546,1,1,1
FL,11,0.22991568,-0.32717305,-0.28418614,-0.04298691,-0.31284408,0,0,0
FL,12,0.23044872,-0.24666948,-0.198348,-0.04832148,-0.23056232,0,0,0
FL,13,0.27514683,-0.01655796,0.04020954,-0.0567675,0.00236454,0.4172102,0.7010477,0.5118227
FL,14,0.57473215,0.08545113,0.20976786,-0.12431673,0.12689004,0.92725565,1,1
FL,15,0.44610501,-0.11937948,-0.04558691,-0.07379257,-0.0947819566666667,0,0.27206545,0.0260902166666667
FL,16,0.21548816,-0.19254819,-0.11893497,-0.07361322,-0.16801045,0,0,0
FL,17,0.31202159,-0.31598997,-0.21485071,-0.10113926,-0.282276883333333,0,0,0
FL,18,0.39147054,-0.24823125,-0.19308231,-0.05514894,-0.22984827,0,0,0
FL,19,0.28602071,-0.32490814,-0.24920887,-0.07569927,-0.29967505,0,0,0
FL,20,0.30261666,-0.1970345,-0.13491543,-0.06211907,-0.176328143333333,0,0,0
FL,21,0.5465301,0.0108384,0.14146974,-0.13063134,0.05438218,0.554192,1,0.7719109
FL,22,0.35607059,0.03107706,0.14822783,-0.11715077,0.0701273166666667,0.6553853,1,0.850636583333333
FL,23,0.65311761,0.29979941,0.40719378,-0.10739437,0.335597533333333,1,1,1
FL,24,0.56865015,0.03041365,0.16217775,-0.1317641,0.0743350166666667,0.65206825,1,0.871675083333333
FL,25,0.90642269,0.38070862,0.55581463,-0.17510601,0.43907729,1,1,1
FL,26,0.72451406,-0.01901514,0.14335423,-0.16236937,0.0351079833333333,0.4049243,1,0.675539916666667
FL,27,0.94262095,-0.39483429,-0.22805129,-0.166783,-0.339239956666667,0,0,0
FL,28,0.83724897,-0.23909679,-0.04597117,-0.19312562,-0.174721583333333,0,0.27014415,0
GA,1,0.41359095,-0.11019678,-0.08020663,-0.02999015,-0.100200063333333,0,0.09896685,0
GA,2,0.56832381,0.08889215,0.10885688,-0.01996473,0.09554706,0.94446075,1,0.9777353
GA,3,0.31753409,-0.34470819,-0.33707041,-0.00763778000000004,-0.342162263333333,0,0,0
GA,4,0.74171729,0.61732218,0.63972273,-0.02240055,0.62478903,1,1,1
GA,5,0.6723,0.69940744,0.71121624,-0.0118088000000001,0.703343706666667,1,1,1
GA,6,0.39473192,0.00970609,0.02517864,-0.01547255,0.0148636066666667,0.54853045,0.6258932,0.574318033333333
GA,7,0.646728,0.11858433,0.14543362,-0.02684929,0.127534093333333,1,1,1
GA,8,0.36945091,-0.43965182,-0.39544216,-0.04420966,-0.424915266666667,0,0,0
GA,9,0.25495224,-0.45167589,-0.45244082,0.000764929999999997,-0.451930866666667,0,0,0
GA,10,0.23999539,-0.41699999,-0.39722959,-0.0197704,-0.410409856666667,0,0,0
GA,11,0.55088439,0.22086519,0.20898,0.01188519,0.21690346,1,1,1
GA,12,0.47789666,-0.06636746,-0.03702807,-0.02933939,-0.0565876633333333,0.1681627,0.31485965,0.217061683333333
GA,13,0.72391442,0.4212697,0.3838833,0.0373864,0.408807566666667,1,1,1
GA,14,0.23407833,-0.48542252,-0.48850828,0.00308575999999999,-0.486451106666667,0,0,0
HI,1,0.68184905,0.21385683,0.29419292,-0.08033609,0.240635526666667,1,1,1
HI,2,0.8386853,0.24956982,0.29512661,-0.04555679,0.264755416666667,1,1,1
IA,1,0.08974165,-0.33304361,-0.27832194,-0.05472167,-0.314803053333333,0,0,0
IA,2,0.17582925,0.06937894,0.12510912,-0.05573018,0.0879556666666667,0.8468947,1,0.939778333333333
IA,3,0.19975528,0.04212217,0.09093875,-0.04881658,0.0583943633333333,0.71061085,0.95469375,0.791971816666667
IA,4,0.11693697,-0.31855771,-0.26988452,-0.04867319,-0.302333313333333,0,0,0
ID,1,0.16157002,-0.46213165,-0.41115322,-0.05097843,-0.44513884,0,0,0
ID,2,0.2088657,-0.26850201,-0.20432347,-0.06417854,-0.247109163333333,0,0,0
IL,1,0.64367753,0.34955099,0.46346365,-0.11391266,0.387521876666667,1,1,1
IL,2,0.6460088,0.36924144,0.4460604,-0.0768189600000001,0.39484776,1,1,1
IL,3,0.53553687,0.37433258,0.47032737,-0.09599479,0.406330843333333,1,1,1
IL,4,0.73046357,0.27381175,0.455709,-0.18189725,0.334444166666667,1,1,1
IL,5,0.25496796,-0.02476608,0.000689770000000034,-0.02545585,-0.0162807966666667,0.3761696,0.50344885,0.418596016666667
IL,6,0.36960928,0.07841196,0.14981789,-0.07140593,0.102213936666667,0.8920598,1,1
IL,7,0.6476098,0.68031654,0.74680189,-0.06648535,0.702478323333333,1,1,1
IL,8,0.34021798,0.14983292,0.20322694,-0.05339402,0.167630926666667,1,1,1
IL,9,0.38193758,0.57943067,0.62295964,-0.04352897,0.593940326666667,1,1,1
IL,10,0.3753017,0.1948362,0.2312641,-0.0364279,0.206978833333333,1,1,1
IL,11,0.34827804,0.1302151,0.18517795,-0.05496285,0.14853605,1,1,1
IL,12,0.11225377,-0.46226785,-0.45206387,-0.01020398,-0.458866523333333,0,0,0
IL,13,0.26484261,-0.01870735,-0.01015345,-0.0085539,-0.01585605,0.40646325,0.44923275,0.42071975
IL,14,0.41583414,0.07940171,0.13869299,-0.05929128,0.09916547,0.89700855,1,0.99582735
IL,15,0.12715506,-0.40084756,-0.38220218,-0.01864538,-0.394632433333333,0,0,0
IL,16,0.15202316,-0.19938452,-0.16754437,-0.03184015,-0.188771136666667,0,0,0
IL,17,0.24674073,0.01499979,0.02185429,-0.0068545,0.0172846233333333,0.57499895,0.60927145,0.586423116666667
IN,1,0.36849507,0.00515663000000005,0.08468967,-0.0795330399999999,0.0316676433333334,0.52578315,0.92344835,0.658338216666667
IN,2,0.21157775,-0.25900037,-0.21853517,-0.0404652,-0.24551197,0,0,0
IN,3,0.16800485,-0.31361422,-0.3006276,-0.01298662,-0.309285346666667,0,0,0
IN,4,0.15789738,-0.21682486,-0.19307439,-0.02375047,-0.208908036666667,0,0,0
IN,5,0.2320728,0.03255374,0.02673808,0.00581566,0.0306151866666667,0.6627687,0.6336904,0.653075933333333
IN,6,0.12762216,-0.3530494,-0.33673866,-0.01631074,-0.347612486666667,0,0,0
IN,7,0.47708103,0.23487555,0.26125859,-0.02638304,0.243669896666667,1,1,1
IN,8,0.12078339,-0.30468095,-0.27831674,-0.02636421,-0.29589288,0,0,0
IN,9,0.09897592,-0.45286407,-0.44062526,-0.01223881,-0.448784466666667,0,0,0
KS,1,0.19157723,-0.52506934,-0.50743925,-0.01763009,-0.519192643333333,0,0,0
KS,2,0.21583213,-0.09636084,-0.07024565,-0.02611519,-0.0876557766666667,0.0181958,0.14877175,0.0617211166666666
KS,3,0.29985112,0.12704018,0.13475979,-0.00771960999999999,0.129613383333333,1,1,1
KS,4,0.2721995,-0.2067755,-0.19056117,-0.01621433,-0.201370723333333,0,0,0
KY,1,0.13720358,-0.46952649,-0.4220093,-0.04751719,-0.453687426666667,0,0,0
KY,2,0.13934362,-0.45771426,-0.41045717,-0.04725709,-0.441961896666667,0,0,0
KY,3,0.34401308,0.18754749,0.22308161,-0.03553412,0.199392196666667,1,1,1
KY,4,0.11725047,-0.33961574,-0.31431763,-0.02529811,-0.331183036666667,0,0,0
KY,5,0.05819817,-0.66035516,-0.61645748,-0.0438976800000001,-0.6457226,0,0,0
KY,6,0.19654792,-0.10150452,-0.05944522,-0.0420593,-0.0874847533333333,0,0.2027739,0.0625762333333333
LA,1,0.35078777,-0.38814218,-0.37802509,-0.01011709,-0.384769816666667,0,0,0
LA,2,0.62157711,0.37366998,0.39561352,-0.02194354,0.380984493333333,1,1,1
LA,3,0.27386822,-0.53336441,-0.5112574,-0.02210701,-0.525995406666667,0,0,0
LA,4,0.4029598,-0.32507432,-0.28715563,-0.03791869,-0.312434756666667,0,0,0
LA,5,0.58824251,0.10054136,0.16225235,-0.06171099,0.12111169,1,1,1
LA,6,0.25666844,-0.48008032,-0.49004211,0.00996178999999997,-0.483400916666667,0,0,0
MA,1,0.27803223,0.25997018,0.33644313,-0.07647295,0.285461163333333,1,1,1
MA,2,0.24287975,0.04979823,0.13094003,-0.0811418,0.0768454966666667,0.74899115,1,0.884227483333333
MA,3,0.2581468,0.22201658,0.285646,-0.06362942,0.243226386666667,1,1,1
MA,4,0.19496197,0.17487097,0.25436101,-0.07949004,0.20136765,1,1,1
MA,5,0.33444252,0.61083215,0.66965932,-0.0588271699999999,0.630441206666667,1,1,1
MA,6,0.30324652,0.2116514,0.30068843,-0.08903703,0.24133041,1,1,1
MA,7,0.56176528,0.44256558,0.57660308,-0.1340375,0.487244746666667,1,1,1
MA,8,0.31745135,0.25198248,0.33830458,-0.0863221,0.280756513333333,1,1,1
MA,9,0.16134611,0.1128858,0.19004236,-0.07715656,0.138604653333333,1,1,1
MD,1,0.25451281,-0.16840356,-0.1445953,-0.02380826,-0.160467473333333,0,0,0
MD,2,0.4011605,0.20666131,0.2340091,-0.02734779,0.21577724,1,1,1
MD,3,0.41180934,0.24965075,0.26718847,-0.01753772,0.255496656666667,1,1,1
MD,4,0.822145,0.70365955,0.77609776,-0.07243821,0.72780562,1,1,1
MD,5,0.63085243,0.3735523,0.42628931,-0.05273701,0.391131303333333,1,1,1
MD,6,0.35599666,0.06171005,0.10109547,-0.03938542,0.0748385233333333,0.80855025,1,0.874192616666667
MD,7,0.63716481,0.54150501,0.58516835,-0.0436633400000001,0.556059456666667,1,1,1
MD,8,0.49904673,0.5045828,0.55774803,-0.05316523,0.522304543333333,1,1,1
ME,1,0.09611025,0.20157265,0.21224218,-0.01066953,0.20512916,1,1,1
ME,2,0.07077615,-0.07017149,-0.03752752,-0.03264397,-0.0592901666666667,0.14914255,0.3123624,0.203549166666667
MI,1,0.09334609,-0.20296,-0.18977926,-0.01318074,-0.19856642,0,0,0
MI,2,0.10502816,-0.31514344,-0.29597745,-0.01916599,-0.308754776666667,0,0,0
MI,3,0.26097713,0.08253202,0.08910323,-0.00657121000000001,0.0847224233333333,0.9126601,0.94551615,0.923612116666667
MI,4,0.21550382,-0.05563958,-0.03953423,-0.01610535,-0.05027113,0.2218021,0.30232885,0.24864435
MI,5,0.13415856,-0.26900325,-0.24062671,-0.02837654,-0.259544403333333,0,0,0
MI,6,0.25927963,0.20451728,0.24007388,-0.0355566,0.21636948,1,1,1
MI,7,0.17690485,-0.01703708,0.00506422,-0.0221013,-0.00966998,0.4148146,0.5253211,0.4516501
MI,8,0.23758772,-0.02001041,0.02012621,-0.04013662,-0.00663153666666667,0.39994795,0.60063105,0.466842316666667
MI,9,0.10634354,-0.34069324,-0.30636085,-0.03433239,-0.32924911,0,0,0
MI,10,0.24166051,0.05497641,0.10254749,-0.04757108,0.0708334366666667,0.77488205,1,0.854167183333333
MI,11,0.29138328,0.06386699,0.10234511,-0.03847812,0.07669303,0.81933495,1,0.88346515
MI,12,0.58435974,0.41823807,0.46864549,-0.05040742,0.435040543333333,1,1,1
MI,13,0.57677137,0.41075491,0.56551436,-0.15475945,0.462341393333333,1,1,1
MN,1,0.14166074,-0.09804692,-0.07125689,-0.02679003,-0.08911691,0.00976540000000004,0.14371555,0.05441545
MN,2,0.2179568,0.08452525,0.09702183,-0.01249658,0.0886907766666667,0.92262625,0.98510915,0.943453883333333
MN,3,0.20009165,0.23906642,0.23510907,0.00395735,0.237747303333333,1,1,1
MN,4,0.30942438,0.32371725,0.34627222,-0.02255497,0.331235573333333,1,1,1
MN,5,0.38916613,0.60117121,0.61580335,-0.01463214,0.60604859,1,1,1
MN,6,0.13019565,-0.21002137,-0.19033969,-0.01968168,-0.20346081,0,0,0
MN,7,0.10241034,-0.36044291,-0.32773729,-0.03270562,-0.349541036666667,0,0,0
MN,8,0.10665758,-0.15732212,-0.12567292,-0.0316492,-0.146772386666667,0,0,0
MO,1,0.56135524,0.56310848,0.57630011,-0.01319163,0.56750569,1,1,1
MO,2,0.15041633,0.01057583,-0.0007992,0.01137503,0.00678415333333333,0.55287915,0.496004,0.533920766666667
MO,3,0.0988264,-0.41811305,-0.39814395,-0.0199691,-0.411456683333333,0,0,0
MO,4,0.1505535,-0.33994668,-0.31866805,-0.02127863,-0.332853803333333,0,0,0
MO,5,0.38245129,0.24321133,0.27407451,-0.03086318,0.253499056666667,1,1,1
MO,6,0.12754062,-0.37836405,-0.3606794,-0.01768465,-0.372469166666667,0,0,0
MO,7,0.14961953,-0.42612113,-0.41469895,-0.01142218,-0.422313736666667,0,0,0
MO,8,0.13173689,-0.59777574,-0.572778,-0.02499774,-0.58944316,0,0,0
MS,1,0.32263455,-0.39117677,-0.33760919,-0.05356758,-0.37332091,0,0,0
MS,2,0.65577231,0.2240518,0.27618442,-0.05213262,0.24142934,1,1,1
MS,3,0.39571467,-0.27745761,-0.22248672,-0.05497089,-0.25913398,0,0,0
MS,4,0.31416768,-0.43388287,-0.39011586,-0.04376701,-0.419293866666667,0,0,0
MT,1,0.11857526,-0.0542587,-0.0201664,-0.0340923,-0.0428946,0.2287065,0.399168,0.285527
MT,2,0.17082509,-0.35836709,-0.32125184,-0.03711525,-0.34599534,0,0,0
NC,1,0.52555714,0.07908511,0.1206401,-0.04155499,0.0929367733333333,0.89542555,1,0.964683866666667
NC,2,0.41843347,0.28752876,0.30126884,-0.01374008,0.292108786666667,1,1,1
NC,3,0.31050788,-0.30590575,-0.26593116,-0.03997459,-0.292580886666667,0,0,0
NC,4,0.43973071,0.33168049,0.34164936,-0.00996887000000002,0.335003446666667,1,1,1
NC,5,0.18483864,-0.39091852,-0.38236801,-0.00855051000000001,-0.38806835,0,0,0
NC,6,0.51253943,0.25477848,0.27149146,-0.01671298,0.260349473333333,1,1,1
NC,7,0.27638001,-0.20380503,-0.18523882,-0.01856621,-0.197616293333333,0,0,0
NC,8,0.52559588,-0.07441258,-0.02268129,-0.05173129,-0.0571688166666667,0.1279371,0.38659355,0.214155916666667
NC,9,0.31354476,0.02073125,0.02803622,-0.00730497,0.02316624,0.60365625,0.6401811,0.6158312
NC,10,0.22790846,-0.36487111,-0.3648748,3.69000000000064E-06,-0.36487234,0,0,0
NC,11,0.15502967,-0.058302,-0.0727395,0.0144375,-0.0631145,0.20849,0.1363025,0.1844275
NC,12,0.63776729,0.43480049,0.46733566,-0.03253517,0.445645546666667,1,1,1
NC,13,0.23318434,-0.43013006,-0.42851747,-0.00161258999999997,-0.42959253,0,0,0
NC,14,0.35262609,0.05396231,0.05561985,-0.00165754,0.0545148233333333,0.76981155,0.77809925,0.772574116666667
ND,AL,0.15591527,-0.36446062,-0.33342817,-0.03103245,-0.35411647,0,0,0
NE,1,0.30064575,0.09022228,0.09972067,-0.00949839,0.09338841,0.9511114,0.99860335,0.96694205
NE,2,0.16013646,-0.14228934,-0.11930717,-0.02298217,-0.134628616666667,0,0,0
NE,3,0.16412258,-0.5642945,-0.54485823,-0.01943627,-0.557815743333333,0,0,0
NH,1,0.14018212,0.03373387,0.08055139,-0.04681752,0.04933971,0.66866935,0.90275695,0.74669855
NH,2,0.0831098,0.02217499,0.06716232,-0.04498733,0.0371707666666667,0.61087495,0.8358116,0.685853833333333
NJ,1,0.36719214,0.17824947,0.23665487,-0.0584054,0.197717936666667,1,1,1
NJ,2,0.32056197,-0.14876821,-0.06637832,-0.08238989,-0.121304913333333,0,0.1681084,0
NJ,3,0.40978047,0.21835308,0.26194102,-0.04358794,0.232882393333333,1,1,1
NJ,4,0.19524637,-0.31292674,-0.22312964,-0.0897971,-0.282994373333333,0,0,0
NJ,5,0.32216389,-0.04458612,0.05476748,-0.0993536,-0.0114682533333333,0.2770694,0.7738374,0.442658733333333
NJ,6,0.4595517,0.00198685,0.12038622,-0.11839937,0.0414533066666667,0.50993425,1,0.707266533333333
NJ,7,0.32318688,0.03272629,0.09731995,-0.06459366,0.05425751,0.66363145,0.98659975,0.77128755
NJ,8,0.73058906,0.21661918,0.39495967,-0.17834049,0.27606601,1,1,1
NJ,9,0.63596614,0.05289547,0.26792381,-0.21502834,0.124571583333333,0.76447735,1,1
NJ,10,0.82848803,0.52967261,0.6811431,-0.15147049,0.580162773333333,1,1,1
NJ,11,0.34289309,0.08455288,0.16570899,-0.08115611,0.111604916666667,0.9227644,1,1
NJ,12,0.52539036,0.14097667,0.25471905,-0.11374238,0.178890796666667,1,1,1
NM,1,0.58339414,0.19668738,0.23225765,-0.03557027,0.208544136666667,1,1,1
NM,2,0.5800693,-0.21632471,-0.1710196,-0.04530511,-0.201223006666667,0,0,0
NM,3,0.62075807,0.1476333,0.20592842,-0.05829512,0.167065006666667,1,1,1
NV,1,0.73531376,0.23134341,0.3289034,-0.09755999,0.263863406666667,1,1,1
NV,2,0.33219431,-0.13953494,-0.11045945,-0.02907549,-0.12984311,0,0,0
NV,3,0.48576341,-0.04679966,0.01136006,-0.05815972,-0.0274130866666667,0.2660017,0.5568003,0.362934566666667
NV,4,0.46115147,-0.04998946,-0.00952884,-0.04046062,-0.0365025866666667,0.2500527,0.4523558,0.317487066666667
NY,1,0.26684885,-0.12517328,-0.04612385,-0.07904943,-0.09882347,0,0.26938075,0.00588264999999993
NY,2,0.40083243,-0.14797434,-0.02705786,-0.12091648,-0.107668846666667,0,0.3647107,0
NY,3,0.40663734,-0.01218946,0.13735747,-0.14954693,0.0376595166666667,0.4390527,1,0.688297583333333
NY,4,0.47163396,0.01427552,0.14646192,-0.1321864,0.0583376533333333,0.5713776,1,0.791688266666667
NY,5,0.88075045,0.42329657,0.63430674,-0.21101017,0.493633293333333,1,1,1
NY,6,0.73881431,0.06905745,0.28879114,-0.21973369,0.142302013333333,0.84528725,1,1
NY,7,0.606905,0.44406315,0.58273358,-0.13867043,0.490286626666667,1,1,1
NY,8,0.72127718,0.51197902,0.61374704,-0.10176802,0.545901693333333,1,1,1
NY,9,0.70164319,0.47162309,0.57677042,-0.10514733,0.5066722,1,1,1
NY,10,0.53728394,0.48227275,0.59628469,-0.11401194,0.52027673,1,1,1
NY,11,0.45170954,-0.24212904,-0.07543383,-0.16669521,-0.18656397,0,0.12283085,0
NY,12,0.32581951,0.62992081,0.70905267,-0.0791318600000001,0.656298096666667,1,1,1
NY,13,0.77989978,0.63690777,0.78565106,-0.14874329,0.686488866666667,1,1,1
NY,14,0.84030523,0.27320501,0.53443772,-0.26123271,0.36028258,1,1,1
NY,15,0.90879044,0.49124465,0.71650811,-0.22526346,0.56633247,1,1,1
NY,16,0.58473243,0.3288932,0.44513679,-0.11624359,0.367641063333333,1,1,1
NY,17,0.34179139,0.00677655,0.10140749,-0.09463094,0.0383201966666667,0.53388275,1,0.691600983333333
NY,18,0.33833521,0.01926483,0.07718754,-0.05792271,0.0385724,0.59632415,0.8859377,0.692862
NY,19,0.1825162,0.03835758,0.06504087,-0.02668329,0.04725201,0.6917879,0.82520435,0.73626005
NY,20,0.24529988,0.14285,0.19162811,-0.04877811,0.15910937,1,1,1
NY,21,0.11269919,-0.2008589,-0.15041296,-0.05044594,-0.184043586666667,0,0,0
NY,22,0.21239988,0.08235448,0.11698776,-0.03463328,0.0938989066666667,0.9117724,1,0.969494533333333
NY,23,0.10043281,-0.21373934,-0.18600003,-0.02773931,-0.204492903333333,0,0,0
NY,24,0.11374266,-0.25038916,-0.21829166,-0.0320975,-0.239689993333333,0,0,0
NY,25,0.29240564,0.18472115,0.20610424,-0.02138309,0.191848846666667,1,1,1
NY,26,0.31460825,0.1922906,0.25077099,-0.05848039,0.211784063333333,1,1,1
OH,1,0.35509383,0.19524649,0.20112501,-0.00587852,0.197205996666667,1,1,1
OH,2,0.07638643,-0.51053543,-0.48101252,-0.02952291,-0.50069446,0,0,0
OH,3,0.47164495,0.27623706,0.32301312,-0.04677606,0.29182908,1,1,1
OH,4,0.0942536,-0.40388793,-0.39004744,-0.01384049,-0.399274433333333,0,0,0
OH,5,0.0978007,-0.51426223,-0.49339166,-0.02087057,-0.507305373333333,0,0,0
OH,6,0.08448061,-0.38217535,-0.34446648,-0.03770887,-0.369605726666667,0,0,0
OH,7,0.16578799,0.01453707,0.0329829,-0.01844583,0.02068568,0.57268535,0.6649145,0.6034284
OH,8,0.17303776,-0.30028456,-0.2880534,-0.01223116,-0.296207506666667,0,0,0
OH,9,0.22450692,-0.03007013,0.00795889,-0.03802902,-0.01739379,0.34964935,0.53979445,0.41303105
OH,10,0.26383821,-0.05798731,-0.03287767,-0.02510964,-0.04961743,0.21006345,0.33561165,0.25191285
OH,11,0.56233806,0.51174061,0.54062,-0.02887939,0.521367073333333,1,1,1
OH,12,0.08937465,-0.36317534,-0.34072512,-0.02245022,-0.355691933333333,0,0,0
OH,13,0.22281154,0.04462968,0.07254986,-0.02792018,0.0539364066666667,0.7231484,0.8627493,0.769682033333333
OH,14,0.15213371,-0.16729734,-0.12718603,-0.04011131,-0.153926903333333,0,0,0
OH,15,0.21328987,0.17692734,0.19220987,-0.01528253,0.182021516666667,1,1,1
OK,1,0.38224459,-0.20364924,-0.20080633,-0.00284291,-0.202701603333333,0,0,0
OK,2,0.34692803,-0.55087208,-0.52912982,-0.02174226,-0.54362466,0,0,0
OK,3,0.25625299,-0.48194009,-0.50528751,0.0233474200000001,-0.489722563333333,0,0,0
OK,4,0.29881622,-0.47008925,-0.46655222,-0.00353703,-0.46891024,0,0,0
OK,5,0.45250018,0.08232742,0.09590016,-0.01357274,0.0868516666666667,0.9116371,0.9795008,0.934258333333333
OR,1,0.31351867,0.20774513,0.22685634,-0.01911121,0.214115533333333,1,1,1
OR,2,0.21323744,-0.27723256,-0.24935732,-0.02787524,-0.267940813333333,0,0,0
OR,3,0.30931993,0.6825241,0.67586519,0.00665890999999996,0.680304463333333,1,1,1
OR,4,0.19373384,0.1321082,0.13905232,-0.00694412,0.134422906666667,1,1,1
OR,5,0.2447745,0.13621935,0.14936994,-0.01315059,0.14060288,1,1,1
OR,6,0.22838775,-0.0192465,-0.01290481,-0.00634169,-0.0171326033333333,0.4037675,0.43547595,0.414336983333333
PA,1,0.17798549,0.01667095,0.0598291,-0.04315815,0.031057,0.58335475,0.7991455,0.655285
PA,2,0.5848563,0.35650168,0.42671619,-0.07021451,0.379906516666667,1,1,1
PA,3,0.66158558,0.78642929,0.82321329,-0.036784,0.798690623333333,1,1,1
PA,4,0.23777764,0.14557388,0.17666361,-0.03108973,0.155937123333333,1,1,1
PA,5,0.34781205,0.27574859,0.31167002,-0.03592143,0.2877224,1,1,1
PA,6,0.27230104,0.11021984,0.14314455,-0.03292471,0.121194743333333,1,1,1
PA,7,0.27329283,-0.03199447,0.00623006,-0.03822453,-0.01925296,0.34002765,0.5311503,0.4037352
PA,8,0.21804423,-0.08288091,-0.02700923,-0.05587168,-0.0642570166666667,0.08559545,0.36495385,0.178714916666667
PA,9,0.10419369,-0.38111652,-0.36742399,-0.01369253,-0.376552343333333,0,0,0
PA,10,0.2527814,-0.04963629,-0.03862964,-0.01100665,-0.0459674066666667,0.25181855,0.3068518,0.270162966666667
PA,11,0.15782655,-0.21719444,-0.21623113,-0.000963309999999995,-0.216873336666667,0,0,0
PA,12,0.09248804,-0.38536545,-0.37608026,-0.00928519,-0.382270386666667,0,0,0
PA,13,0.08363854,-0.47814888,-0.47685791,-0.00129097,-0.477718556666667,0,0,0
PA,14,0.10899019,-0.22280495,-0.20157976,-0.02122519,-0.215729886666667,0,0,0
PA,15,0.08332541,-0.3186008,-0.30033507,-0.01826573,-0.312512223333333,0,0,0
PA,16,0.16511147,0.06841902,0.07238395,-0.00396493000000001,0.0697406633333333,0.8420951,0.86191975,0.848703316666667
PA,17,0.23813262,0.19613194,0.20253569,-0.00640374999999999,0.198266523333333,1,1,1
RI,1,0.41235513,0.3139502,0.3927343,-0.0787841,0.340211566666667,1,1,1
RI,2,0.14322652,0.00995562000000005,0.07003683,-0.0600812099999999,0.02998269,0.5497781,0.85018415,0.64991345
SC,1,0.33837901,-0.0199231,0.04932182,-0.06924492,0.00315854,0.4003845,0.7466091,0.5157927
SC,2,0.45895359,0.08986281,0.13711643,-0.04725362,0.105614016666667,0.94931405,1,1
SC,3,0.30451478,-0.35408033,-0.30194139,-0.05213894,-0.336700683333333,0,0,0
SC,4,0.25337564,-0.35513663,-0.31617525,-0.03896138,-0.342149503333333,0,0,0
SC,5,0.28996836,-0.31347912,-0.2684861,-0.04499302,-0.298481446666667,0,0,0
SC,6,0.53976825,0.03631645,0.11946396,-0.08314751,0.0640322866666667,0.68158225,1,0.820161433333333
SC,7,0.27363106,-0.29486494,-0.24391162,-0.05095332,-0.2778805,0,0,0
SD,AL,0.16910445,-0.29281175,-0.26164138,-0.03117037,-0.282421626666667,0,0,0
TN,1,0.09591063,-0.59029834,-0.55339468,-0.03690366,-0.57799712,0,0,0
TN,2,0.16723321,-0.30215401,-0.26013223,-0.04202178,-0.28814675,0,0,0
TN,3,0.19924331,-0.38180723,-0.34117717,-0.04063006,-0.368263876666667,0,0,0
TN,4,0.22045485,-0.31671851,-0.26687423,-0.04984428,-0.30010375,0,0,0
TN,5,0.42372248,0.2612661,0.309192,-0.0479259,0.2772414,1,1,1
TN,6,0.11341441,-0.59364037,-0.54972875,-0.04391162,-0.579003163333333,0,0,0
TN,7,0.21184055,-0.45896039,-0.40641674,-0.05254365,-0.44144584,0,0,0
TN,8,0.25053847,-0.44787951,-0.40452352,-0.04335599,-0.433427513333333,0,0,0
TN,9,0.71503261,0.46346243,0.50835857,-0.04489614,0.47842781,1,1,1
TX,1,0.38548912,-0.45341458,-0.38880161,-0.06461297,-0.431876923333333,0,0,0
TX,2,0.36035441,-0.44547152,-0.42888378,-0.01658774,-0.439942273333333,0,0,0
TX,3,0.41412411,-0.22112861,-0.17274607,-0.04838254,-0.205001096666667,0,0,0
TX,4,0.3102588,-0.57990335,-0.53140438,-0.04849897,-0.563737026666667,0,0,0
TX,5,0.33546006,-0.47631914,-0.49019054,0.0138714,-0.48094294,0,0,0
TX,6,0.67627837,0.1913683,0.26884981,-0.07748151,0.21719547,1,1,1
TX,7,0.58115528,0.16399745,0.21113664,-0.04713919,0.179710513333333,1,1,1
TX,8,0.48540932,-0.25231561,-0.23832697,-0.01398864,-0.24765273,0,0,0
TX,9,0.70828687,0.10694302,0.1793437,-0.07240068,0.13107658,1,1,1
TX,10,0.59264895,0.15550776,0.24056988,-0.08506212,0.1838618,1,1,1
TX,11,0.33191373,-0.56680139,-0.53916336,-0.02763803,-0.557588713333333,0,0,0
TX,12,0.38340158,-0.23867789,-0.21268854,-0.02598935,-0.230014773333333,0,0,0
TX,13,0.43484863,-0.52821487,-0.48216893,-0.04604594,-0.512866223333333,0,0,0
TX,14,0.40154768,-0.44409626,-0.37733489,-0.06676137,-0.42184247,0,0,0
TX,15,0.92319231,-0.02265153,0.17714622,-0.19979775,0.04394772,0.38674235,1,0.7197386
TX,16,0.87189088,0.16108536,0.35410184,-0.19301648,0.225424186666667,1,1,1
TX,17,0.38162891,-0.03529195,0.00331175,-0.0386037,-0.02242405,0.32354025,0.51655875,0.38787975
TX,18,0.88195932,0.52386244,0.63180553,-0.10794309,0.55984347,1,1,1
TX,19,0.48442174,0.02221003,0.07300789,-0.05079786,0.03914265,0.61105015,0.86503945,0.69571325
TX,20,0.80549475,0.26678334,0.37770335,-0.11092001,0.303756676666667,1,1,1
TX,21,0.4833703,-0.18820043,-0.14341625,-0.04478418,-0.17327237,0,0,0
TX,22,0.80563549,0.11624057,0.24112997,-0.1248894,0.15787037,1,1,1
TX,23,0.64219411,-0.50856965,-0.42935127,-0.07921838,-0.482163523333333,0,0,0
TX,24,0.46955604,0.09379881,0.16949318,-0.07569437,0.119030266666667,0.96899405,1,1
TX,25,0.30232258,-0.43507711,-0.40517593,-0.02990118,-0.42511005,0,0,0
TX,26,0.27985212,-0.44363738,-0.42401813,-0.01961925,-0.43709763,0,0,0
TX,27,0.46929277,-0.51262541,-0.46114443,-0.05148098,-0.495465083333333,0,0,0
TX,28,0.87296429,-0.14890904,0.03241995,-0.18132899,-0.0884660433333333,0,0.66209975,0.0576697833333333
TX,29,0.82812752,0.06728156,0.18312733,-0.11584577,0.105896816666667,0.8364078,1,1
TX,30,0.82928885,0.45971319,0.55219503,-0.09248184,0.49054047,1,1,1
TX,31,0.46986173,-0.27087635,-0.19599794,-0.07487841,-0.24591688,0,0,0
TX,32,0.67929757,0.12158163,0.20793894,-0.08635731,0.1503674,1,1,1
TX,33,0.77086206,0.18507562,0.31278759,-0.12771197,0.227646276666667,1,1,1
TX,34,0.80000917,-0.07170264,0.06565214,-0.13735478,-0.0259177133333333,0.1414868,0.8282607,0.370411433333333
TX,35,0.71996681,0.1075197,0.20190874,-0.09438904,0.138982713333333,1,1,1
TX,36,0.43142443,-0.32427649,-0.28152046,-0.04275603,-0.31002448,0,0,0
TX,37,0.4322908,0.47380495,0.51610174,-0.04229679,0.48790388,1,1,1
TX,38,0.6924839,0.00795847,0.09134,-0.08338153,0.0357523133333333,0.53979235,0.9567,0.678761566666667
UT,1,0.18993823,-0.28929941,-0.29892099,0.00962158000000002,-0.292506603333333,0,0,0
UT,2,0.16336653,-0.48262576,-0.47259376,-0.010032,-0.47928176,0,0,0
UT,3,0.21945782,-0.26989709,-0.2799181,0.01002101,-0.273237426666667,0,0,0
UT,4,0.32298134,0.25250803,0.25622009,-0.00371206000000002,0.253745383333333,1,1,1
VA,1,0.26956539,-0.13609194,-0.13751505,0.00142311000000001,-0.13656631,0,0,0
VA,2,0.40030627,0.02625522,0.05311458,-0.02685936,0.03520834,0.6312761,0.7655729,0.6760417
VA,3,0.56675425,0.29034409,0.33000692,-0.03966283,0.303565033333333,1,1,1
VA,4,0.54272575,0.35621722,0.38330864,-0.02709142,0.365247693333333,1,1,1
VA,5,0.3123559,-0.17049136,-0.1597541,-0.01073726,-0.166912273333333,0,0,0
VA,6,0.19365889,-0.22863011,-0.21049139,-0.01813872,-0.22258387,0,0,0
VA,7,0.36202705,0.05383916,0.11326985,-0.05943069,0.07364939,0.7691958,1,0.86824695
VA,8,0.46921774,0.48750922,0.54773256,-0.06022334,0.507583666666667,1,1,1
VA,9,0.12805258,-0.4515831,-0.42844875,-0.02313435,-0.44387165,0,0,0
VA,10,0.47289379,0.23954028,0.32081529,-0.08127501,0.26663195,1,1,1
VA,11,0.55608379,0.29773229,0.36961829,-0.071886,0.32169429,1,1,1
VT,AL,0.09597279,0.31214986,0.35412652,-0.04197666,0.32614208,1,1,1
WA,1,0.22175449,0.11333853,0.10897111,0.00436742000000001,0.111882723333333,1,1,1
WA,2,0.36770624,0.40112129,0.40649981,-0.00537852,0.40291413,1,1,1
WA,3,0.21674729,-0.03321369,-0.0422224,0.00900871,-0.0362165933333333,0.33393155,0.288888,0.318917033333333
WA,4,0.38434198,-0.24245974,-0.21094382,-0.03151592,-0.231954433333333,0,0,0
WA,5,0.23004081,-0.0693109,-0.05795949,-0.01135141,-0.0655270966666667,0.1534455,0.21020255,0.172364516666667
WA,6,0.23610084,0.18981889,0.16539875,0.02442014,0.181678843333333,1,1,1
WA,7,0.38192951,0.77047836,0.78159932,-0.01112096,0.774185346666667,1,1,1
WA,8,0.31109696,0.11611123,0.12706009,-0.01094886,0.11976085,1,1,1
WA,9,0.54672463,0.32387936,0.36647986,-0.0426005,0.338079526666667,1,1,1
WA,10,0.3692997,0.18136535,0.18303725,-0.0016719,0.18192265,1,1,1
WI,1,0.2376296,0.03837737,0.0405115,-0.00213413,0.0390887466666667,0.69188685,0.7025575,0.695443733333333
WI,2,0.18698656,0.35120879,0.36048174,-0.00927295,0.354299773333333,1,1,1
WI,3,0.10568332,0.01234241,0.04716934,-0.03482693,0.0239513866666667,0.56171205,0.7358467,0.619756933333333
WI,4,0.51227278,0.43433419,0.45271301,-0.01837882,0.440460463333333,1,1,1
WI,5,0.09368891,-0.30026557,-0.30149502,0.00122945000000002,-0.300675386666667,0,0,0
WI,6,0.09572026,-0.24532067,-0.23196581,-0.01335486,-0.24086905,0,0,0
WI,7,0.07910069,-0.23481335,-0.20447903,-0.03033432,-0.22470191,0,0,0
WI,8,0.15492344,-0.03781881,-0.03485159,-0.00296722,-0.0368297366666667,0.31090595,0.32574205,0.315851316666667
WV,1,0.10313657,-0.40125899,-0.37317489,-0.0280841,-0.391897623333333,0,0,0
WV,2,0.09208646,-0.43764722,-0.40586212,-0.0317851,-0.427052186666667,0,0,0
WY,AL,0.16154549,-0.45756148,-0.43382653,-0.02373495,-0.44964983,0,0,0